Reading,Elapsed time [min],Temperature [°C],Stage,Interval duration [min],Temperature change [°C],Local cooling rate [°C/h],Notes
1,,,,,,,
2,,,Cooling,"=IF(OR(B3="""",B2=""""),"""",B3-B2)","=IF(OR(C3="""",C2=""""),"""",C3-C2)","=IFERROR((C2-C3)/(B3-B2)*60,"""")",
3,,,Cooling,"=IF(OR(B4="""",B3=""""),"""",B4-B3)","=IF(OR(C4="""",C3=""""),"""",C4-C3)","=IFERROR((C3-C4)/(B4-B3)*60,"""")",
4,,,Cooling,"=IF(OR(B5="""",B4=""""),"""",B5-B4)","=IF(OR(C5="""",C4=""""),"""",C5-C4)","=IFERROR((C4-C5)/(B5-B4)*60,"""")",
5,,,Cooling,"=IF(OR(B6="""",B5=""""),"""",B6-B5)","=IF(OR(C6="""",C5=""""),"""",C6-C5)","=IFERROR((C5-C6)/(B6-B5)*60,"""")",
6,,,Cooling,"=IF(OR(B7="""",B6=""""),"""",B7-B6)","=IF(OR(C7="""",C6=""""),"""",C7-C6)","=IFERROR((C6-C7)/(B7-B6)*60,"""")",
7,,,Cooling,"=IF(OR(B8="""",B7=""""),"""",B8-B7)","=IF(OR(C8="""",C7=""""),"""",C8-C7)","=IFERROR((C7-C8)/(B8-B7)*60,"""")",
8,,,Cooling,"=IF(OR(B9="""",B8=""""),"""",B9-B8)","=IF(OR(C9="""",C8=""""),"""",C9-C8)","=IFERROR((C8-C9)/(B9-B8)*60,"""")",
9,,,Cooling,"=IF(OR(B10="""",B9=""""),"""",B10-B9)","=IF(OR(C10="""",C9=""""),"""",C10-C9)","=IFERROR((C9-C10)/(B10-B9)*60,"""")",
10,,,Cooling,"=IF(OR(B11="""",B10=""""),"""",B11-B10)","=IF(OR(C11="""",C10=""""),"""",C10-C11)","=IFERROR((C10-C11)/(B11-B10)*60,"""")",
11,,,Cooling,"=IF(OR(B12="""",B11=""""),"""",B12-B11)","=IF(OR(C12="""",C11=""""),"""",C11-C12)","=IFERROR((C11-C12)/(B12-B11)*60,"""")",
12,,,Cooling,"=IF(OR(B13="""",B12=""""),"""",B13-B12)","=IF(OR(C13="""",C12=""""),"""",C12-C13)","=IFERROR((C12-C13)/(B13-B12)*60,"""")",
13,,,Cooling,"=IF(OR(B14="""",B13=""""),"""",B14-B13)","=IF(OR(C14="""",C13=""""),"""",C13-C14)","=IFERROR((C13-C14)/(B14-B13)*60,"""")",
14,,,Cooling,"=IF(OR(B15="""",B14=""""),"""",B15-B14)","=IF(OR(C15="""",C14=""""),"""",C14-C15)","=IFERROR((C14-C15)/(B15-B14)*60,"""")",
15,,,Cooling,"=IF(OR(B16="""",B15=""""),"""",B16-B15)","=IF(OR(C16="""",C15=""""),"""",C15-C16)","=IFERROR((C15-C16)/(B16-B15)*60,"""")",
16,,,Cooling,"=IF(OR(B17="""",B16=""""),"""",B17-B16)","=IF(OR(C17="""",C16=""""),"""",C16-C17)","=IFERROR((C16-C17)/(B17-B16)*60,"""")",
17,,,Cooling,"=IF(OR(B18="""",B17=""""),"""",B18-B17)","=IF(OR(C18="""",C17=""""),"""",C17-C18)","=IFERROR((C17-C18)/(B18-B17)*60,"""")",
18,,,Cooling,"=IF(OR(B19="""",B18=""""),"""",B19-B18)","=IF(OR(C19="""",C18=""""),"""",C18-C19)","=IFERROR((C18-C19)/(B19-B18)*60,"""")",
19,,,Cooling,"=IF(OR(B20="""",B19=""""),"""",B20-B19)","=IF(OR(C20="""",C19=""""),"""",C19-C20)","=IFERROR((C19-C20)/(B20-B19)*60,"""")",
20,,,Cooling,"=IF(OR(B21="""",B20=""""),"""",B21-B20)","=IF(OR(C21="""",C20=""""),"""",C20-C21)","=IFERROR((C20-C21)/(B21-B20)*60,"""")",
21,,,Cooling,"=IF(OR(B22="""",B21=""""),"""",B22-B21)","=IF(OR(C22="""",C21=""""),"""",C21-C22)","=IFERROR((C21-C22)/(B22-B21)*60,"""")",
22,,,Cooling,"=IF(OR(B23="""",B22=""""),"""",B23-B22)","=IF(OR(C23="""",C22=""""),"""",C22-C23)","=IFERROR((C22-C23)/(B23-B22)*60,"""")",
23,,,Cooling,"=IF(OR(B24="""",B23=""""),"""",B24-B23)","=IF(OR(C24="""",C23=""""),"""",C23-C24)","=IFERROR((C23-C24)/(B24-B23)*60,"""")",
24,,,Cooling,"=IF(OR(B25="""",B24=""""),"""",B25-B24)","=IF(OR(C25="""",C24=""""),"""",C24-C25)","=IFERROR((C24-C25)/(B25-B24)*60,"""")",
25,,,Cooling,"=IF(OR(B26="""",B25=""""),"""",B26-B25)","=IF(OR(C26="""",C25=""""),"""",C25-C26)","=IFERROR((C25-C26)/(B26-B25)*60,"""")",
26,,,Cooling,"=IF(OR(B27="""",B26=""""),"""",B27-B26)","=IF(OR(C27="""",C26=""""),"""",C26-C27)","=IFERROR((C26-C27)/(B27-B26)*60,"""")",
27,,,Cooling,"=IF(OR(B28="""",B27=""""),"""",B28-B27)","=IF(OR(C28="""",C27=""""),"""",C27-C28)","=IFERROR((C27-C28)/(B28-B27)*60,"""")",
28,,,Cooling,"=IF(OR(B29="""",B28=""""),"""",B29-B28)","=IF(OR(C29="""",C28=""""),"""",C28-C29)","=IFERROR((C28-C29)/(B29-B28)*60,"""")",
29,,,Cooling,"=IF(OR(B30="""",B29=""""),"""",B30-B29)","=IF(OR(C30="""",C29=""""),"""",C29-C30)","=IFERROR((C29-C30)/(B30-B29)*60,"""")",
30,,,Cooling,"=IF(OR(B31="""",B30=""""),"""",B31-B30)","=IF(OR(C31="""",C30=""""),"""",C30-C31)","=IFERROR((C30-C31)/(B31-B30)*60,"""")",
